2015.01.14,19:00,2.28189,2.28246,2.28118,2.28139,258
2015.01.14,20:00,2.28144,2.28153,2.28128,2.28134,355
2015.01.14,21:00,2.28137,2.28159,2.27965,2.27965,286
2015.01.14,22:00,2.27991,2.28191,2.27986,2.28128,78
2015.01.14,23:00,2.28117,2.28180,2.28117,2.28171,653
2015.01.15,00:00,2.28172,2.28172,2.28126,2.28149,711
2015.01.15,01:00,2.28130,2.28233,2.28124,2.28149,254
2015.01.15,02:00,2.28129,2.28154,2.28128,2.28144,47
2015.01.15,03:00,2.28165,2.28207,2.28069,2.28069,55
2015.01.15,04:00,2.28089,2.28149,2.28055,2.28105,260
2015.01.15,05:00,2.28109,2.28174,2.28024,2.28073,372
2015.01.15,06:00,2.28065,2.28098,2.27579,2.27633,1209
2015.01.15,07:00,2.27634,2.27912,2.27230,2.27315,1796
2015.01.15,08:00,2.27325,2.27605,2.27250,2.27599,2021
2015.01.15,09:00,2.27642,2.28376,2.27483,2.27512,2777
2015.01.15,10:00,2.27505,2.30020,2.27503,2.29285,3371
2015.01.15,11:00,2.29290,2.29590,2.28834,2.29015,2580
2015.01.15,12:00,2.29015,2.29080,2.27841,2.27914,3026
2015.01.15,13:00,2.27916,2.28897,2.27725,2.28605,2354
2015.01.15,14:00,2.28614,2.29620,2.28587,2.29244,2409
2015.01.15,15:00,2.29242,2.29570,2.29045,2.29481,1705
2015.01.15,16:00,2.29481,2.30726,2.29410,2.30423,1833
2015.01.15,17:00,2.30426,2.31314,2.30394,2.31199,1135
2015.01.15,18:00,2.30842,2.32976,2.30799,2.31739,2222
2015.01.15,19:00,2.31739,2.31907,2.31259,2.31359,975
2015.01.15,20:00,2.31359,2.31476,2.30579,2.30776,729
2015.01.15,21:00,2.30775,2.31199,2.30651,2.30848,525
2015.01.15,22:00,2.30699,2.30979,2.30498,2.30626,57
2015.01.15,23:00,2.30620,2.30780,2.30498,2.30506,75
2015.01.16,00:00,2.30537,2.30974,2.30500,2.30974,364
2015.01.16,01:00,2.30969,2.31012,2.30500,2.30999,238
2015.01.16,02:00,2.31000,2.31260,2.30554,2.31259,82
2015.01.16,03:00,2.31258,2.31450,2.31044,2.31174,196
2015.01.16,04:00,2.31170,2.31234,2.31165,2.31234,13
2015.01.16,05:00,2.31005,2.31444,2.30987,2.31259,261
2015.01.16,06:00,2.31259,2.31347,2.29999,2.30549,743
2015.01.16,07:00,2.30549,2.31328,2.30509,2.31141,1752
2015.01.16,08:00,2.31142,2.31431,2.30602,2.30933,2135
2015.01.16,09:00,2.30921,2.31190,2.30828,2.30959,1554
2015.01.16,10:00,2.30962,2.30993,2.30585,2.30849,1391
2015.01.16,11:00,2.30849,2.30948,2.30709,2.30811,1325
2015.01.16,12:00,2.30814,2.32348,2.30696,2.32074,2402
2015.01.16,13:00,2.32058,2.32663,2.31559,2.32279,2357
2015.01.16,14:00,2.32329,2.33414,2.32099,2.33276,2975
2015.01.16,15:00,2.33275,2.33987,2.33252,2.33384,2869
2015.01.16,16:00,2.33384,2.33817,2.32999,2.33649,1332
2015.01.16,17:00,2.33643,2.33647,2.33081,2.33174,459
2015.01.16,18:00,2.33254,2.33454,2.32599,2.32649,2179
2015.01.16,19:00,2.32649,2.33000,2.32482,2.32499,564
2015.01.16,20:00,2.32465,2.32654,2.32019,2.32134,411
2015.01.16,21:00,2.32139,2.32549,2.32074,2.32484,138
2015.01.18,22:00,2.31146,2.31549,2.31146,2.31549,2
2015.01.18,23:00,2.31549,2.33115,2.31549,2.33089,63
2015.01.19,00:00,2.33080,2.33083,2.31649,2.32193,23
2015.01.19,01:00,2.32206,2.32208,2.32189,2.32202,11
2015.01.19,02:00,2.32189,2.32824,2.31654,2.32781,36
2015.01.19,03:00,2.32815,2.33156,2.32815,2.33129,33
2015.01.19,04:00,2.33127,2.33137,2.33092,2.33092,28
2015.01.19,05:00,2.33093,2.33098,2.33034,2.33067,101
2015.01.19,06:00,2.33066,2.33158,2.32715,2.32928,221
2015.01.19,07:00,2.32930,2.33903,2.32772,2.33520,1499
2015.01.19,08:00,2.33519,2.33932,2.33236,2.33842,1747
2015.01.19,09:00,2.33841,2.34530,2.33815,2.33829,2246
2015.01.19,10:00,2.33826,2.34543,2.33514,2.34399,1472
2015.01.19,11:00,2.34392,2.34678,2.33668,2.34611,1452
2015.01.19,12:00,2.34601,2.34602,2.33749,2.34070,1272
2015.01.19,13:00,2.34032,2.34070,2.33563,2.33679,983
2015.01.19,14:00,2.33679,2.33680,2.32854,2.33201,1917
2015.01.19,15:00,2.33226,2.33597,2.33167,2.33461,1062
2015.01.19,16:00,2.33461,2.33544,2.33229,2.33354,859
2015.01.19,17:00,2.33383,2.33560,2.33143,2.33216,519
2015.01.19,18:00,2.33231,2.33549,2.33150,2.33207,200
2015.01.19,19:00,2.33192,2.33699,2.33131,2.33674,189
2015.01.19,20:00,2.33648,2.33789,2.33589,2.33682,312
2015.01.19,21:00,2.33718,2.33789,2.33419,2.33419,82
2015.01.19,22:00,2.33409,2.33420,2.33149,2.33180,31
2015.01.19,23:00,2.33180,2.33417,2.33180,2.33204,279
2015.01.20,00:00,2.33204,2.33416,2.33204,2.33249,398
2015.01.20,01:00,2.33326,2.33581,2.33249,2.33254,607
2015.01.20,02:00,2.33301,2.33746,2.33199,2.33662,1316
2015.01.20,03:00,2.33667,2.33749,2.33559,2.33744,647
2015.01.20,04:00,2.33731,2.33769,2.33654,2.33745,161
2015.01.20,05:00,2.33744,2.33937,2.33689,2.33910,303
2015.01.20,06:00,2.33906,2.34404,2.33659,2.33886,662
2015.01.20,07:00,2.33879,2.34104,2.33269,2.33741,1230
2015.01.20,08:00,2.33752,2.34037,2.33546,2.33728,1454
2015.01.20,09:00,2.33728,2.34417,2.33728,2.34295,1469
2015.01.20,10:00,2.34295,2.34343,2.33817,2.33837,1759
2015.01.20,11:00,2.33866,2.34466,2.33498,2.33498,1552
2015.01.20,12:00,2.33497,2.34299,2.32284,2.32956,2825
2015.01.20,13:00,2.32958,2.33673,2.32956,2.33613,1698
2015.01.20,14:00,2.33599,2.35238,2.33570,2.34959,2930
2015.01.20,15:00,2.34958,2.36048,2.34848,2.35600,2214
2015.01.20,16:00,2.35583,2.35801,2.35078,2.35136,1126
2015.01.20,17:00,2.35137,2.35199,2.34414,2.34491,884
2015.01.20,18:00,2.34491,2.34559,2.34296,2.34384,732
2015.01.20,19:00,2.34379,2.34536,2.34299,2.34327,666
2015.01.20,20:00,2.34328,2.34850,2.34295,2.34756,633
2015.01.20,21:00,2.34747,2.34799,2.34309,2.34549,516
2015.01.20,22:00,2.34420,2.34649,2.34195,2.34269,40
2015.01.20,23:00,2.34297,2.34724,2.34295,2.34704,382
2015.01.21,00:00,2.34702,2.34724,2.34319,2.34547,138
2015.01.21,01:00,2.34542,2.34779,2.34370,2.34635,307
2015.01.21,02:00,2.34745,2.34770,2.34605,2.34638,83
2015.01.21,03:00,2.34686,2.34768,2.34364,2.34364,648
2015.01.21,04:00,2.34364,2.34593,2.34334,2.34513,486
2015.01.21,05:00,2.34457,2.34557,2.34217,2.34444,407
2015.01.21,06:00,2.34449,2.34504,2.34104,2.34124,771
2015.01.21,07:00,2.34119,2.34304,2.33714,2.34132,1546
2015.01.21,08:00,2.34119,2.34319,2.33749,2.34272,1450
2015.01.21,09:00,2.34275,2.34699,2.34190,2.34349,1651
2015.01.21,10:00,2.34343,2.34501,2.33799,2.33905,1330
2015.01.21,11:00,2.33911,2.34048,2.33774,2.34048,1072
2015.01.21,12:00,2.34045,2.34660,2.33824,2.34097,2237
2015.01.21,13:00,2.34091,2.34349,2.33908,2.34095,1369
2015.01.21,14:00,2.34078,2.34249,2.33469,2.33697,2396
2015.01.21,15:00,2.33703,2.33905,2.33248,2.33348,2103
2015.01.21,16:00,2.33350,2.34622,2.33225,2.34391,1553
2015.01.21,17:00,2.34401,2.35105,2.34354,2.34992,946
2015.01.21,18:00,2.34974,2.35374,2.34825,2.34954,690
2015.01.21,19:00,2.34954,2.35099,2.34799,2.35057,544
2015.01.21,20:00,2.35048,2.35126,2.34849,2.35076,593
2015.01.21,21:00,2.35082,2.35129,2.34530,2.34954,518
2015.01.21,22:00,2.34975,2.34996,2.34750,2.34750,39
2015.01.21,23:00,2.34750,2.34910,2.34750,2.34907,469
2015.01.22,00:00,2.34906,2.35032,2.34905,2.34996,606
2015.01.22,01:00,2.34974,2.35003,2.34669,2.34785,395
2015.01.22,02:00,2.34806,2.34929,2.34784,2.34859,517
2015.01.22,03:00,2.34859,2.34884,2.34834,2.34849,379
2015.01.22,04:00,2.34865,2.34883,2.34834,2.34839,235
2015.01.22,05:00,2.34844,2.35087,2.34529,2.34774,577
2015.01.22,06:00,2.34775,2.34867,2.34279,2.34549,591
2015.01.22,07:00,2.34567,2.34932,2.34494,2.34755,1082
2015.01.22,08:00,2.34755,2.35593,2.34653,2.35193,1936
2015.01.22,09:00,2.35193,2.35869,2.34849,2.35403,2347
2015.01.22,10:00,2.35395,2.35410,2.34799,2.34981,1511
2015.01.22,11:00,2.34985,2.35070,2.34511,2.34652,1193
2015.01.22,12:00,2.34599,2.34651,2.33609,2.33862,1913
2015.01.22,13:00,2.33873,2.34119,2.33106,2.34089,2735
2015.01.22,14:00,2.34139,2.34349,2.33449,2.33887,2763
2015.01.22,15:00,2.33907,2.33907,2.32091,2.32262,2988
2015.01.22,16:00,2.32267,2.32413,2.31619,2.31952,1854
2015.01.22,17:00,2.31928,2.32119,2.31579,2.32119,1051
2015.01.22,18:00,2.32053,2.32533,2.31989,2.32329,970
2015.01.22,19:00,2.32308,2.32543,2.32293,2.32476,425
2015.01.22,20:00,2.32465,2.32502,2.32147,2.32284,656
2015.01.22,21:00,2.32283,2.32661,2.32230,2.32295,469
2015.01.22,22:00,2.32248,2.32687,2.32122,2.32615,90
2015.01.22,23:00,2.32630,2.32674,2.32605,2.32645,193
2015.01.23,00:00,2.32638,2.32678,2.32605,2.32634,569
2015.01.23,01:00,2.32620,2.32659,2.32605,2.32659,839
2015.01.23,02:00,2.32654,2.32659,2.32604,2.32639,606
2015.01.23,03:00,2.32644,2.32794,2.32624,2.32784,328
2015.01.23,04:00,2.32785,2.32824,2.32774,2.32814,207
2015.01.23,05:00,2.32809,2.32954,2.32659,2.32705,596
2015.01.23,06:00,2.32710,2.32874,2.32580,2.32614,797
2015.01.23,07:00,2.32581,2.33357,2.32299,2.33259,1430
2015.01.23,08:00,2.33249,2.33467,2.31950,2.32412,2829
2015.01.23,09:00,2.32412,2.33464,2.32412,2.33310,1816
2015.01.23,10:00,2.33310,2.34153,2.33149,2.34014,2191
2015.01.23,11:00,2.34007,2.34015,2.33291,2.33843,1948
2015.01.23,12:00,2.33849,2.35292,2.33645,2.34910,3274
2015.01.23,13:00,2.34901,2.35386,2.34429,2.34579,2190
2015.01.23,14:00,2.34587,2.34587,2.33939,2.34139,1624
2015.01.23,15:00,2.34139,2.34754,2.33849,2.34439,1958
2015.01.23,16:00,2.34430,2.34754,2.34234,2.34609,1141
2015.01.23,17:00,2.34624,2.34984,2.34600,2.34769,521
2015.01.23,18:00,2.34769,2.34779,2.34319,2.34499,552
2015.01.23,19:00,2.34499,2.34754,2.34364,2.34644,328
2015.01.23,20:00,2.34649,2.34799,2.34464,2.34777,230
2015.01.23,21:00,2.34777,2.34979,2.34549,2.34959,526
2015.01.25,22:00,2.36619,2.36619,2.35647,2.35903,347
2015.01.25,23:00,2.35893,2.36514,2.35685,2.36258,1413
2015.01.26,00:00,2.36258,2.36349,2.35746,2.36105,1641
2015.01.26,01:00,2.36099,2.36317,2.36064,2.36304,274
2015.01.26,02:00,2.36364,2.36721,2.36274,2.36691,273
2015.01.26,03:00,2.36691,2.36701,2.36620,2.36622,194
2015.01.26,04:00,2.36624,2.36640,2.36224,2.36268,311
2015.01.26,05:00,2.36274,2.36374,2.35764,2.35831,306
2015.01.26,06:00,2.35830,2.35832,2.34849,2.35826,822
2015.01.26,07:00,2.35859,2.36713,2.35419,2.35644,1594
2015.01.26,08:00,2.35644,2.36614,2.35347,2.36562,1632
2015.01.26,09:00,2.36555,2.37146,2.36268,2.36326,2100
2015.01.26,10:00,2.36331,2.36553,2.36013,2.36179,1395
2015.01.26,11:00,2.36173,2.36532,2.36094,2.36111,1442
2015.01.26,12:00,2.36116,2.36285,2.35801,2.35801,1324
2015.01.26,13:00,2.35806,2.35924,2.35507,2.35515,1801
2015.01.26,14:00,2.35514,2.35644,2.34899,2.34929,1851
2015.01.26,15:00,2.34929,2.35319,2.34885,2.34944,1230
2015.01.26,16:00,2.34974,2.35076,2.34548,2.34616,1253
2015.01.26,17:00,2.34616,2.35082,2.34616,2.34906,875
2015.01.26,18:00,2.34907,2.35317,2.34764,2.35111,683
2015.01.26,19:00,2.35107,2.35331,2.35102,2.35279,584
2015.01.26,20:00,2.35279,2.35564,2.35214,2.35259,665
2015.01.26,21:00,2.35259,2.35451,2.35212,2.35299,992
2015.01.26,22:00,2.35293,2.35540,2.35224,2.35529,78
2015.01.26,23:00,2.35528,2.35654,2.35505,2.35638,247
2015.01.27,00:00,2.35638,2.35679,2.35576,2.35648,429
2015.01.27,01:00,2.35648,2.35648,2.35579,2.35604,89
2015.01.27,02:00,2.35594,2.35618,2.35582,2.35618,79
2015.01.27,03:00,2.35618,2.35629,2.35603,2.35625,149
2015.01.27,04:00,2.35620,2.35626,2.35596,2.35613,115
2015.01.27,05:00,2.35621,2.35654,2.35439,2.35448,273
2015.01.27,06:00,2.35449,2.35578,2.35039,2.35254,789
2015.01.27,07:00,2.35324,2.35593,2.35091,2.35366,998
2015.01.27,08:00,2.35363,2.35849,2.34049,2.34548,2548
2015.01.27,09:00,2.34553,2.35729,2.33925,2.35474,3369
2015.01.27,10:00,2.35479,2.36667,2.35279,2.36474,2378
2015.01.27,11:00,2.36489,2.37025,2.36054,2.36209,2713
2015.01.27,12:00,2.36234,2.36841,2.35585,2.36579,2320
2015.01.27,13:00,2.36579,2.37029,2.36434,2.36494,2834
2015.01.27,14:00,2.36494,2.36569,2.36025,2.36114,2651
2015.01.27,15:00,2.36114,2.36449,2.35931,2.35993,1883
2015.01.27,16:00,2.35999,2.36099,2.35710,2.35859,1670
2015.01.27,17:00,2.35851,2.36649,2.35823,2.36540,1225
2015.01.27,18:00,2.36523,2.36674,2.36249,2.36309,1200
2015.01.27,19:00,2.36285,2.36314,2.36048,2.36114,625
2015.01.27,20:00,2.36157,2.36434,2.36104,2.36260,1300
2015.01.27,21:00,2.36240,2.36495,2.36216,2.36250,1012
2015.01.27,22:00,2.36200,2.36644,2.36200,2.36325,43
2015.01.27,23:00,2.36300,2.36339,2.36272,2.36325,117
2015.01.28,00:00,2.36332,2.36485,2.36332,2.36483,1039
2015.01.28,01:00,2.36465,2.36729,2.36451,2.36509,496
2015.01.28,02:00,2.36546,2.36592,2.36504,2.36524,87
2015.01.28,03:00,2.36524,2.36543,2.36485,2.36523,89
2015.01.28,04:00,2.36523,2.36526,2.36429,2.36526,117
2015.01.28,05:00,2.36529,2.36674,2.36442,2.36449,196
2015.01.28,06:00,2.36450,2.36525,2.36068,2.36130,779
2015.01.28,07:00,2.36132,2.36142,2.35484,2.35747,1551
2015.01.28,08:00,2.35774,2.36525,2.35719,2.36334,1802
2015.01.28,09:00,2.36292,2.36365,2.35784,2.35949,1615
2015.01.28,10:00,2.35932,2.36284,2.35864,2.36094,1427
2015.01.28,11:00,2.36094,2.37145,2.35949,2.36892,2619
2015.01.28,12:00,2.36885,2.37411,2.36625,2.37234,1966
2015.01.28,13:00,2.37254,2.38319,2.37134,2.37891,2895
2015.01.28,14:00,2.37877,2.38043,2.37365,2.37891,2008
2015.01.28,15:00,2.37891,2.38178,2.37628,2.37767,1626
2015.01.28,16:00,2.37649,2.38344,2.37649,2.38058,1412
2015.01.28,17:00,2.38058,2.38465,2.37859,2.38124,821
2015.01.28,18:00,2.38129,2.38129,2.37818,2.37924,667
2015.01.28,19:00,2.37818,2.38134,2.37277,2.37995,1392
2015.01.28,20:00,2.37990,2.38564,2.37990,2.38159,828
2015.01.28,21:00,2.38159,2.38663,2.38159,2.38359,558
2015.01.28,22:00,2.38349,2.38889,2.38298,2.38849,124
2015.01.28,23:00,2.38769,2.38849,2.38695,2.38705,229
2015.01.29,00:00,2.38710,2.38749,2.38673,2.38683,151
2015.01.29,01:00,2.38699,2.39033,2.38664,2.38923,239
2015.01.29,02:00,2.38921,2.38963,2.38900,2.38963,138
2015.01.29,03:00,2.38949,2.38980,2.38948,2.38958,112
2015.01.29,04:00,2.38959,2.39189,2.38959,2.39087,290
2015.01.29,05:00,2.39085,2.39281,2.38960,2.39144,437
2015.01.29,06:00,2.39144,2.39894,2.39070,2.39590,1456
2015.01.29,07:00,2.39590,2.40133,2.39218,2.39852,2930
2015.01.29,08:00,2.39861,2.40339,2.39389,2.39809,3964
2015.01.29,09:00,2.39815,2.39965,2.39277,2.39368,3130
2015.01.29,10:00,2.39368,2.40853,2.39345,2.40689,3483
2015.01.29,11:00,2.40692,2.41808,2.40614,2.40931,4248
2015.01.29,12:00,2.40935,2.40949,2.40220,2.40646,2753
2015.01.29,13:00,2.40652,2.41279,2.40149,2.40563,3555
2015.01.29,14:00,2.40576,2.40625,2.39777,2.40290,3153
2015.01.29,15:00,2.40290,2.40856,2.40153,2.40680,2905
2015.01.29,16:00,2.40711,2.42122,2.40667,2.41231,3576
2015.01.29,17:00,2.41228,2.41664,2.41143,2.41254,1440
2015.01.29,18:00,2.41254,2.41749,2.41162,2.41749,1520
2015.01.29,19:00,2.41749,2.41763,2.41532,2.41639,1100
2015.01.29,20:00,2.41662,2.41794,2.41547,2.41712,974
2015.01.29,21:00,2.41712,2.41737,2.41392,2.41392,2593
2015.01.29,22:00,2.41414,2.41546,2.41399,2.41399,26
2015.01.29,23:00,2.41399,2.41544,2.41399,2.41487,624
2015.01.30,00:00,2.41476,2.41669,2.41438,2.41665,2902
2015.01.30,01:00,2.41665,2.41669,2.41623,2.41630,309
2015.01.30,02:00,2.41630,2.41689,2.41618,2.41669,847
2015.01.30,03:00,2.41658,2.41669,2.41617,2.41627,225
2015.01.30,04:00,2.41652,2.41717,2.41639,2.41692,232
2015.01.30,05:00,2.41692,2.41692,2.40992,2.41076,425
2015.01.30,06:00,2.41076,2.41085,2.40600,2.40845,668
2015.01.30,07:00,2.40843,2.41314,2.40569,2.40834,1801
2015.01.30,08:00,2.40835,2.41141,2.40508,2.40986,2470
2015.01.30,09:00,2.40998,2.42008,2.40818,2.41679,3659
2015.01.30,10:00,2.41679,2.42652,2.41409,2.42127,4756
2015.01.30,11:00,2.42126,2.43098,2.42109,2.42613,3621
2015.01.30,12:00,2.42613,2.43724,2.42214,2.43600,4249
2015.01.30,13:00,2.43595,2.44326,2.43137,2.44163,5042
2015.01.30,14:00,2.44143,2.44695,2.42564,2.42860,5288
2015.01.30,15:00,2.42881,2.43974,2.42775,2.43937,3738
2015.01.30,16:00,2.43937,2.44770,2.43674,2.44099,2836
2015.01.30,17:00,2.44099,2.44385,2.43956,2.44154,992
2015.01.30,18:00,2.44020,2.44540,2.44020,2.44187,245
2015.01.30,19:00,2.44048,2.44369,2.44000,2.44179,1146
2015.01.30,20:00,2.44179,2.44632,2.44033,2.44609,568
2015.01.30,21:00,2.44605,2.44615,2.43991,2.43991,402
2015.02.01,22:00,2.44170,2.44225,2.44030,2.44225,8
2015.02.01,23:00,2.44044,2.44044,2.44044,2.44044,1
2015.02.02,00:00,2.44044,2.44044,2.44000,2.44000,2
2015.02.02,01:00,2.44000,2.44165,2.43710,2.44065,326
2015.02.02,02:00,2.44070,2.44114,2.43970,2.44100,258
2015.02.02,03:00,2.44100,2.44171,2.43970,2.44032,515
2015.02.02,04:00,2.43970,2.44059,2.43926,2.44049,40
2015.02.02,05:00,2.44021,2.44059,2.43640,2.43640,326
2015.02.02,06:00,2.43645,2.44090,2.43645,2.44043,661
2015.02.02,07:00,2.44045,2.44048,2.43259,2.43323,1897
2015.02.02,08:00,2.43317,2.43602,2.42241,2.42758,2232
2015.02.02,09:00,2.42760,2.43281,2.42728,2.42732,2249
2015.02.02,10:00,2.42734,2.42871,2.42271,2.42272,2253
2015.02.02,11:00,2.42275,2.42309,2.41349,2.41916,2633
2015.02.02,12:00,2.41918,2.42001,2.41576,2.41823,2629
2015.02.02,13:00,2.41822,2.42399,2.41575,2.42338,3439
2015.02.02,14:00,2.42336,2.42929,2.42159,2.42759,3725
2015.02.02,15:00,2.42757,2.43214,2.42301,2.43209,3250
2015.02.02,16:00,2.43180,2.43329,2.42727,2.42926,2059
2015.02.02,17:00,2.42925,2.42967,2.42736,2.42775,559
2015.02.02,18:00,2.42747,2.43032,2.42687,2.42989,425
2015.02.02,19:00,2.43014,2.43018,2.42751,2.42959,241
2015.02.02,20:00,2.42958,2.43052,2.42772,2.42909,184
2015.02.02,21:00,2.42909,2.43144,2.42777,2.43085,759
2015.02.02,22:00,2.42975,2.43077,2.42975,2.43026,59
2015.02.02,23:00,2.43043,2.43117,2.43020,2.43094,975
2015.02.03,00:00,2.43087,2.43132,2.43082,2.43095,772
2015.02.03,01:00,2.43098,2.43121,2.43076,2.43081,609
2015.02.03,02:00,2.43081,2.43132,2.43079,2.43098,283
2015.02.03,03:00,2.43098,2.43557,2.43076,2.43550,907
2015.02.03,04:00,2.43550,2.43587,2.43511,2.43520,268
2015.02.03,05:00,2.43525,2.43559,2.43299,2.43339,681
2015.02.03,06:00,2.43328,2.43485,2.43285,2.43322,640
2015.02.03,07:00,2.43314,2.44076,2.43112,2.43159,2637
2015.02.03,08:00,2.43164,2.43218,2.40633,2.41274,6205
2015.02.03,09:00,2.41272,2.42511,2.41099,2.42424,4325
2015.02.03,10:00,2.42427,2.42579,2.41689,2.41941,3920
2015.02.03,11:00,2.41940,2.41993,2.40602,2.40632,3590
2015.02.03,12:00,2.40634,2.40991,2.40330,2.40811,3560
2015.02.03,13:00,2.40801,2.40866,2.40006,2.40021,3694
2015.02.03,14:00,2.40015,2.40759,2.39904,2.40650,3392
2015.02.03,15:00,2.40634,2.40634,2.39818,2.40017,2781
2015.02.03,16:00,2.40026,2.40094,2.39307,2.39915,2396
2015.02.03,17:00,2.39912,2.40299,2.39666,2.39757,1100
2015.02.03,18:00,2.39750,2.39774,2.39220,2.39485,1191
2015.02.03,19:00,2.39490,2.39552,2.39225,2.39349,457
2015.02.03,20:00,2.39351,2.40335,2.39295,2.40049,933
2015.02.03,21:00,2.40049,2.40199,2.40021,2.40080,390
2015.02.03,22:00,2.39976,2.40093,2.39976,2.40072,51
2015.02.03,23:00,2.40072,2.40098,2.40048,2.40091,933
2015.02.04,00:00,2.40076,2.40109,2.39977,2.40060,615
2015.02.04,01:00,2.40060,2.40106,2.39999,2.40103,575
2015.02.04,02:00,2.40074,2.40325,2.40074,2.40283,518
2015.02.04,03:00,2.40283,2.40428,2.40280,2.40303,517
2015.02.04,04:00,2.40303,2.40309,2.39721,2.39776,423
2015.02.04,05:00,2.39777,2.40039,2.39749,2.40005,387
2015.02.04,06:00,2.39998,2.40048,2.39445,2.39537,737
2015.02.04,07:00,2.39508,2.40141,2.39391,2.39796,1636
2015.02.04,08:00,2.39790,2.40841,2.39554,2.40649,2255
2015.02.04,09:00,2.40646,2.41581,2.40644,2.41096,3512
2015.02.04,10:00,2.41080,2.41850,2.40639,2.41722,3225
2015.02.04,11:00,2.41702,2.41763,2.41187,2.41510,2101
2015.02.04,12:00,2.41513,2.42185,2.41458,2.42034,2413
2015.02.04,13:00,2.42035,2.44109,2.41879,2.43572,4108
2015.02.04,14:00,2.43582,2.43755,2.43119,2.43395,3227
2015.02.04,15:00,2.43389,2.44794,2.43245,2.44328,3230
2015.02.04,16:00,2.44320,2.44882,2.43906,2.44852,2202
2015.02.04,17:00,2.44862,2.46382,2.44620,2.45693,2325
2015.02.04,18:00,2.45693,2.46438,2.45581,2.45969,1326
2015.02.04,19:00,2.45967,2.45992,2.45673,2.45894,598
2015.02.04,20:00,2.45886,2.45886,2.45330,2.45704,478
2015.02.04,21:00,2.45624,2.46668,2.45610,2.46500,663
2015.02.04,22:00,2.46490,2.46510,2.45882,2.45923,62
2015.02.04,23:00,2.45915,2.46027,2.45809,2.46027,346
2015.02.05,00:00,2.46027,2.46461,2.45816,2.46437,1463
2015.02.05,01:00,2.46438,2.46438,2.46132,2.46304,99
2015.02.05,02:00,2.46304,2.46310,2.46088,2.46223,141
2015.02.05,03:00,2.46234,2.46269,2.46041,2.46104,197
2015.02.05,04:00,2.46079,2.46249,2.46068,2.46217,341
2015.02.05,05:00,2.46199,2.46221,2.45758,2.45785,332
2015.02.05,06:00,2.45769,2.46306,2.45734,2.46109,736
2015.02.05,07:00,2.46105,2.46253,2.44883,2.44934,3169
2015.02.05,08:00,2.44926,2.45354,2.44686,2.45117,3036
2015.02.05,09:00,2.45115,2.45156,2.43950,2.43955,2308
2015.02.05,10:00,2.43957,2.44534,2.43548,2.43747,2541
2015.02.05,11:00,2.43748,2.44916,2.43687,2.44776,3080
2015.02.05,12:00,2.44818,2.45069,2.43905,2.44556,2734
2015.02.05,13:00,2.44574,2.44829,2.43539,2.44482,3679
2015.02.05,14:00,2.44480,2.44980,2.44114,2.44245,3758
2015.02.05,15:00,2.44249,2.44309,2.43648,2.43726,3094
2015.02.05,16:00,2.43729,2.44219,2.43609,2.43826,1900
2015.02.05,17:00,2.43828,2.44199,2.43801,2.44027,846
2015.02.05,18:00,2.44026,2.44149,2.43797,2.43818,609
2015.02.05,19:00,2.43818,2.43964,2.43754,2.43956,311
2015.02.05,20:00,2.43947,2.43981,2.43482,2.43589,382
2015.02.05,21:00,2.43596,2.43663,2.43563,2.43663,102
2015.02.05,22:00,2.43675,2.43778,2.43642,2.43642,24
2015.02.05,23:00,2.43645,2.43645,2.43609,2.43624,178
2015.02.06,00:00,2.43623,2.43644,2.43620,2.43631,34
2015.02.06,01:00,2.43628,2.43641,2.43628,2.43641,83
2015.02.06,02:00,2.43628,2.43641,2.43625,2.43641,14
2015.02.06,03:00,2.43653,2.43713,2.43653,2.43679,79
2015.02.06,04:00,2.43675,2.43700,2.43675,2.43679,14
2015.02.06,05:00,2.43675,2.43754,2.43578,2.43728,116
2015.02.06,06:00,2.43788,2.44134,2.43602,2.44094,786
2015.02.06,07:00,2.44094,2.44571,2.43556,2.44092,2058
2015.02.06,08:00,2.44066,2.44217,2.43353,2.43358,2173
2015.02.06,09:00,2.43360,2.43729,2.42899,2.43717,2556
2015.02.06,10:00,2.43721,2.44108,2.43431,2.44083,1866
2015.02.06,11:00,2.44052,2.44065,2.43404,2.43699,1472
2015.02.06,12:00,2.43703,2.43817,2.42995,2.43421,2126
2015.02.06,13:00,2.43423,2.46187,2.43143,2.45798,4589
2015.02.06,14:00,2.45796,2.47289,2.45474,2.46392,4344
2015.02.06,15:00,2.46396,2.47221,2.46171,2.46831,3320
2015.02.06,16:00,2.46836,2.47274,2.46682,2.47149,1450
2015.02.06,17:00,2.47171,2.47839,2.47074,2.47658,1088
2015.02.06,18:00,2.47654,2.48031,2.47377,2.47763,648
2015.02.06,19:00,2.47762,2.48058,2.47734,2.48058,434
2015.02.06,20:00,2.48058,2.48080,2.47450,2.47813,466
2015.02.06,21:00,2.47830,2.48055,2.46560,2.47165,280
2015.02.08,22:00,2.47315,2.47330,2.47108,2.47320,45
2015.02.08,23:00,2.47268,2.47345,2.47179,2.47220,132
2015.02.09,00:00,2.47188,2.47255,2.47185,2.47248,218
2015.02.09,01:00,2.47249,2.47249,2.47176,2.47194,295
2015.02.09,02:00,2.47142,2.47219,2.46843,2.47105,318
2015.02.09,03:00,2.47082,2.47600,2.47079,2.47234,1016
2015.02.09,04:00,2.47235,2.47553,2.47166,2.47323,786
2015.02.09,05:00,2.47222,2.47618,2.47222,2.47584,392
2015.02.09,06:00,2.47579,2.48080,2.47487,2.47912,1092
2015.02.09,07:00,2.47876,2.48139,2.47654,2.47987,2482
2015.02.09,08:00,2.47994,2.49510,2.47918,2.49210,3355
2015.02.09,09:00,2.49204,2.49366,2.48884,2.49214,2581
2015.02.09,10:00,2.49210,2.49330,2.48238,2.48982,3162
2015.02.09,11:00,2.48980,2.49116,2.48315,2.48365,2346
2015.02.09,12:00,2.48362,2.48887,2.48279,2.48713,2811
2015.02.09,13:00,2.48712,2.49883,2.48705,2.49782,2999
2015.02.09,14:00,2.49777,2.49895,2.48640,2.48705,2964
2015.02.09,15:00,2.48690,2.48905,2.47832,2.48263,3264
2015.02.09,16:00,2.48275,2.48351,2.47826,2.48010,2310
2015.02.09,17:00,2.48007,2.48081,2.47375,2.47514,851
2015.02.09,18:00,2.47513,2.47599,2.47461,2.47461,607
2015.02.09,19:00,2.47474,2.47616,2.47434,2.47539,451
2015.02.09,20:00,2.47562,2.47639,2.47480,2.47533,572
2015.02.09,21:00,2.47529,2.47669,2.47495,2.47524,281
2015.02.09,22:00,2.47525,2.47549,2.47495,2.47544,48
2015.02.09,23:00,2.47524,2.47544,2.47508,2.47539,93
2015.02.10,00:00,2.47523,2.47660,2.47488,2.47624,233
2015.02.10,01:00,2.47626,2.47639,2.47613,2.47636,124
2015.02.10,02:00,2.47629,2.47669,2.47552,2.47607,254
2015.02.10,03:00,2.47579,2.47638,2.47579,2.47595,126
2015.02.10,04:00,2.47591,2.47657,2.47500,2.47533,542
2015.02.10,05:00,2.47534,2.47850,2.47446,2.47749,667
2015.02.10,06:00,2.47744,2.47912,2.47490,2.47774,838
2015.02.10,07:00,2.47765,2.47912,2.47008,2.47137,2328
2015.02.10,08:00,2.47131,2.47588,2.46878,2.47381,2959
2015.02.10,09:00,2.47377,2.48205,2.47348,2.48009,3048
2015.02.10,10:00,2.48043,2.48527,2.47875,2.48392,2468
2015.02.10,11:00,2.48396,2.48839,2.48064,2.48819,2614
2015.02.10,12:00,2.48822,2.49123,2.47834,2.48978,3649
2015.02.10,13:00,2.48997,2.49974,2.48819,2.49974,3611
2015.02.10,14:00,2.49984,2.50664,2.49449,2.50056,4906
2015.02.10,15:00,2.50023,2.50315,2.49502,2.49540,3287
2015.02.10,16:00,2.49544,2.49875,2.49534,2.49789,2243
2015.02.10,17:00,2.49746,2.49892,2.49519,2.49765,1066
2015.02.10,18:00,2.49763,2.49771,2.49529,2.49751,469
2015.02.10,19:00,2.49746,2.49817,2.49539,2.49654,1374
2015.02.10,20:00,2.49524,2.49743,2.49486,2.49511,1046
2015.02.10,21:00,2.49512,2.49645,2.49250,2.49493,622
2015.02.10,22:00,2.49150,2.49516,2.49140,2.49507,27
2015.02.10,23:00,2.49516,2.49520,2.49480,2.49515,146
2015.02.11,00:00,2.49507,2.49517,2.49489,2.49503,172
2015.02.11,01:00,2.49508,2.49791,2.49249,2.49291,925
2015.02.11,02:00,2.49302,2.49310,2.49221,2.49297,82
2015.02.11,03:00,2.49300,2.49531,2.49298,2.49447,293
2015.02.11,04:00,2.49444,2.49460,2.49399,2.49439,384
2015.02.11,05:00,2.49438,2.49491,2.49374,2.49478,286
2015.02.11,06:00,2.49498,2.49692,2.49323,2.49449,819
2015.02.11,07:00,2.49449,2.49714,2.49064,2.49094,2582
2015.02.11,08:00,2.49091,2.49729,2.48839,2.49233,3143
2015.02.11,09:00,2.49251,2.49271,2.48257,2.48507,3244
2015.02.11,10:00,2.48501,2.49332,2.48326,2.49011,3296
2015.02.11,11:00,2.49010,2.50443,2.48967,2.49595,3864
2015.02.11,12:00,2.49597,2.50061,2.49082,2.49350,2727
2015.02.11,13:00,2.49350,2.49738,2.49113,2.49303,2537
2015.02.11,14:00,2.49292,2.49965,2.49046,2.49883,2792
2015.02.11,15:00,2.49887,2.50786,2.49646,2.50599,3697
2015.02.11,16:00,2.50597,2.50781,2.49874,2.50025,2065
2015.02.11,17:00,2.50061,2.50774,2.50017,2.50555,1108
2015.02.11,18:00,2.50552,2.51525,2.50444,2.51077,1231
2015.02.11,19:00,2.51073,2.51202,2.50460,2.50817,941
2015.02.11,20:00,2.50817,2.51040,2.50423,2.50686,2094
2015.02.11,21:00,2.50595,2.50820,2.49851,2.49859,1118
2015.02.11,22:00,2.49851,2.49964,2.49629,2.49862,249
2015.02.11,23:00,2.49817,2.49856,2.49783,2.49813,1844
2015.02.12,00:00,2.49780,2.50097,2.49776,2.50083,1307
2015.02.12,01:00,2.50079,2.50084,2.49858,2.49948,399
2015.02.12,02:00,2.49959,2.50025,2.49959,2.50016,61
2015.02.12,03:00,2.50018,2.50335,2.49897,2.50259,794
2015.02.12,04:00,2.50259,2.50438,2.50207,2.50207,282
2015.02.12,05:00,2.50208,2.50367,2.50077,2.50358,266
2015.02.12,06:00,2.50365,2.50699,2.50287,2.50618,543
2015.02.12,07:00,2.50617,2.50744,2.49508,2.49511,2650
2015.02.12,08:00,2.49512,2.49887,2.49207,2.49554,3501
2015.02.12,09:00,2.49551,2.49608,2.48423,2.48584,3967
2015.02.12,10:00,2.48584,2.49009,2.48351,2.48918,2789
2015.02.12,11:00,2.48919,2.49187,2.48624,2.48766,2487
2015.02.12,12:00,2.48760,2.48810,2.48446,2.48685,1740
2015.02.12,13:00,2.48688,2.49030,2.47608,2.48254,3501
2015.02.12,14:00,2.48251,2.48254,2.47122,2.47402,4249
2015.02.12,15:00,2.47381,2.47596,2.47124,2.47314,3190
2015.02.12,16:00,2.47325,2.47363,2.46449,2.46658,2759
2015.02.12,17:00,2.46671,2.47014,2.46270,2.46708,1349
2015.02.12,18:00,2.46712,2.47098,2.46559,2.46954,1116
2015.02.12,19:00,2.46961,2.47082,2.46874,2.47014,634
2015.02.12,20:00,2.47011,2.47045,2.46334,2.46738,1441
2015.02.12,21:00,2.46880,2.46968,2.46379,2.46572,907
2015.02.12,22:00,2.46524,2.46841,2.46108,2.46532,77
2015.02.12,23:00,2.46525,2.46736,2.46520,2.46732,38
2015.02.13,00:00,2.46736,2.46743,2.46725,2.46743,81
2015.02.13,01:00,2.46734,2.46742,2.46732,2.46732,12
2015.02.13,02:00,2.46736,2.46774,2.46693,2.46747,61
2015.02.13,03:00,2.46698,2.46750,2.46372,2.46617,101
2015.02.13,04:00,2.46620,2.46625,2.46301,2.46342,355
2015.02.13,05:00,2.46320,2.46518,2.46312,2.46404,252
2015.02.13,06:00,2.46404,2.46954,2.46404,2.46723,829
2015.02.13,07:00,2.46726,2.47565,2.46722,2.47335,1799
2015.02.13,08:00,2.47319,2.47405,2.46601,2.46866,2247
2015.02.13,09:00,2.46878,2.47076,2.46434,2.46656,1632
2015.02.13,10:00,2.46665,2.47553,2.46630,2.47281,1964
2015.02.13,11:00,2.47287,2.47591,2.47198,2.47373,1605
2015.02.13,12:00,2.47374,2.47826,2.47086,2.47160,2498
2015.02.13,13:00,2.47156,2.47224,2.46770,2.47037,2466
2015.02.13,14:00,2.47029,2.47049,2.46171,2.46412,2520
2015.02.13,15:00,2.46409,2.46412,2.45716,2.46080,2665
2015.02.13,16:00,2.46090,2.46427,2.45912,2.46228,1343
2015.02.13,17:00,2.46231,2.46234,2.45824,2.45868,753
2015.02.13,18:00,2.45869,2.46364,2.45822,2.45902,766
2015.02.13,19:00,2.45902,2.46003,2.45610,2.45738,345
2015.02.13,20:00,2.45743,2.45782,2.45561,2.45630,401
2015.02.13,21:00,2.45617,2.45799,2.45522,2.45609,203
2015.02.15,22:00,2.45575,2.45600,2.45474,2.45590,190
2015.02.15,23:00,2.45583,2.45751,2.45536,2.45624,124
2015.02.16,00:00,2.45624,2.45765,2.45548,2.45756,276
2015.02.16,01:00,2.45756,2.45997,2.45648,2.45957,410
2015.02.16,02:00,2.45958,2.46020,2.45927,2.45996,189
2015.02.16,03:00,2.45976,2.46019,2.45818,2.45909,293
2015.02.16,04:00,2.45912,2.45960,2.45892,2.45937,219
2015.02.16,05:00,2.45936,2.46284,2.45908,2.46092,342
2015.02.16,06:00,2.46094,2.46287,2.45794,2.46086,438
2015.02.16,07:00,2.46086,2.46348,2.45300,2.45517,1647
2015.02.16,08:00,2.45515,2.45633,2.45109,2.45529,1954
2015.02.16,09:00,2.45530,2.45829,2.45477,2.45744,1765
2015.02.16,10:00,2.45746,2.45851,2.45225,2.45326,2039
2015.02.16,11:00,2.45324,2.45572,2.45294,2.45554,1847
2015.02.16,12:00,2.45555,2.45680,2.44812,2.44822,1995
2015.02.16,13:00,2.44831,2.44984,2.44533,2.44676,2122
2015.02.16,14:00,2.44674,2.44881,2.44623,2.44705,1262
2015.02.16,15:00,2.44696,2.45186,2.44663,2.44974,1647
2015.02.16,16:00,2.44973,2.45499,2.44602,2.45382,1674
2015.02.16,17:00,2.45381,2.45511,2.45205,2.45205,752
2015.02.16,18:00,2.45200,2.45653,2.45149,2.45530,816
2015.02.16,19:00,2.45529,2.45625,2.45509,2.45569,221
2015.02.16,20:00,2.45570,2.45697,2.45487,2.45525,91
2015.02.16,21:00,2.45514,2.45547,2.45440,2.45509,50
2015.02.16,22:00,2.45530,2.45548,2.44955,2.45461,552
2015.02.16,23:00,2.45467,2.45536,2.45445,2.45490,245
2015.02.17,00:00,2.45487,2.45696,2.45475,2.45656,655
2015.02.17,01:00,2.45656,2.45720,2.45631,2.45719,324
2015.02.17,02:00,2.45718,2.45724,2.45667,2.45709,195
2015.02.17,03:00,2.45685,2.45720,2.45670,2.45720,244
2015.02.17,04:00,2.45721,2.45859,2.45721,2.45782,258
2015.02.17,05:00,2.45781,2.45861,2.45565,2.45667,571
2015.02.17,06:00,2.45667,2.45721,2.45436,2.45521,682
2015.02.17,07:00,2.45522,2.45633,2.44871,2.45129,1648
2015.02.17,08:00,2.45128,2.45431,2.44749,2.45410,2640
2015.02.17,09:00,2.45418,2.45534,2.45057,2.45062,2674
2015.02.17,10:00,2.45059,2.45253,2.44837,2.44924,2125
2015.02.17,11:00,2.44935,2.45144,2.44742,2.44754,2274
2015.02.17,12:00,2.44753,2.44791,2.43984,2.44425,2522
2015.02.17,13:00,2.44423,2.44940,2.44423,2.44700,2705
2015.02.17,14:00,2.44693,2.45215,2.44424,2.45055,3180
2015.02.17,15:00,2.45057,2.45535,2.44844,2.45247,2314
2015.02.17,16:00,2.45244,2.45408,2.44802,2.45204,1794
2015.02.17,17:00,2.45210,2.45260,2.44570,2.44670,1018
2015.02.17,18:00,2.44680,2.45549,2.44670,2.45346,1409
2015.02.17,19:00,2.45339,2.45486,2.45058,2.45381,2443
2015.02.17,20:00,2.45280,2.45544,2.45094,2.45108,1317
2015.02.17,21:00,2.45109,2.45440,2.45059,2.45120,977
2015.02.17,22:00,2.44796,2.45220,2.44796,2.45152,107
2015.02.17,23:00,2.45151,2.45220,2.45012,2.45212,163
2015.02.18,00:00,2.45164,2.45247,2.45139,2.45223,485
2015.02.18,01:00,2.45152,2.45279,2.45067,2.45155,424
2015.02.18,02:00,2.45154,2.45242,2.45040,2.45148,934
2015.02.18,03:00,2.45148,2.45247,2.45135,2.45223,170
2015.02.18,04:00,2.45144,2.45238,2.45138,2.45205,90
2015.02.18,05:00,2.45229,2.45428,2.45105,2.45359,246
2015.02.18,06:00,2.45352,2.45655,2.45110,2.45597,1230
2015.02.18,07:00,2.45604,2.46696,2.45591,2.46600,2322
2015.02.18,08:00,2.46592,2.46733,2.45950,2.46140,2690
2015.02.18,09:00,2.46154,2.46478,2.46017,2.46300,2435
2015.02.18,10:00,2.46293,2.46447,2.46190,2.46397,2139
2015.02.18,11:00,2.46399,2.46478,2.46108,2.46195,2152
2015.02.18,12:00,2.46193,2.46240,2.45800,2.45867,1914
2015.02.18,13:00,2.45866,2.45876,2.45209,2.45424,2978
2015.02.18,14:00,2.45423,2.45766,2.45418,2.45707,2440
2015.02.18,15:00,2.45709,2.45743,2.45198,2.45419,2469
2015.02.18,16:00,2.45421,2.45822,2.45226,2.45716,1922
2015.02.18,17:00,2.45718,2.45867,2.45508,2.45598,574
2015.02.18,18:00,2.45650,2.45821,2.45437,2.45802,626
2015.02.18,19:00,2.45800,2.45800,2.44129,2.44470,1478
2015.02.18,20:00,2.44499,2.44599,2.44039,2.44048,568
2015.02.18,21:00,2.44099,2.44364,2.44045,2.44222,177
2015.02.18,22:00,2.44280,2.44340,2.43992,2.44329,52
2015.02.18,23:00,2.44320,2.44328,2.44114,2.44235,54
2015.02.19,00:00,2.44130,2.44265,2.44118,2.44261,34
2015.02.19,01:00,2.44140,2.44265,2.44051,2.44157,65
2015.02.19,02:00,2.44132,2.44237,2.44085,2.44105,136
2015.02.19,03:00,2.44106,2.44226,2.43921,2.43928,542
2015.02.19,04:00,2.43924,2.44135,2.43897,2.43920,1348
2015.02.19,05:00,2.43998,2.44306,2.43915,2.44155,230
2015.02.19,06:00,2.44157,2.44250,2.43991,2.44205,489
2015.02.19,07:00,2.44208,2.44335,2.43515,2.43712,2361
2015.02.19,08:00,2.43713,2.43945,2.43313,2.43854,2356
2015.02.19,09:00,2.43837,2.44203,2.43465,2.44203,2342
2015.02.19,10:00,2.44215,2.44592,2.44123,2.44442,2403
2015.02.19,11:00,2.44435,2.44495,2.44195,2.44493,1862
2015.02.19,12:00,2.44481,2.45491,2.44414,2.45027,2813
2015.02.19,13:00,2.45026,2.45582,2.44686,2.45385,2321
2015.02.19,14:00,2.45388,2.45766,2.45220,2.45473,2838
2015.02.19,15:00,2.45474,2.45478,2.44496,2.44519,2383
2015.02.19,16:00,2.44523,2.44829,2.44346,2.44656,1525
2015.02.19,17:00,2.44645,2.45689,2.44637,2.45353,1092
2015.02.19,18:00,2.45337,2.45756,2.45337,2.45593,612
2015.02.19,19:00,2.45588,2.45703,2.45526,2.45703,287
2015.02.19,20:00,2.45696,2.45848,2.45696,2.45781,698
2015.02.19,21:00,2.45781,2.45781,2.45378,2.45480,239
2015.02.19,22:00,2.45513,2.45517,2.44993,2.45121,61
2015.02.19,23:00,2.45121,2.45469,2.45119,2.45466,132
2015.02.20,00:00,2.45355,2.45472,2.45346,2.45359,153
2015.02.20,01:00,2.45359,2.45472,2.45344,2.45389,152
2015.02.20,02:00,2.45366,2.45685,2.45353,2.45675,242
2015.02.20,03:00,2.45675,2.45729,2.45660,2.45684,114
2015.02.20,04:00,2.45683,2.45698,2.45617,2.45672,189
2015.02.20,05:00,2.45671,2.45678,2.45621,2.45672,143
2015.02.20,06:00,2.45667,2.45810,2.45447,2.45676,227
2015.02.20,07:00,2.45701,2.46054,2.45445,2.45655,1553
2015.02.20,08:00,2.45651,2.45962,2.45111,2.45546,2674
2015.02.20,09:00,2.45551,2.45856,2.45342,2.45526,1854
2015.02.20,10:00,2.45529,2.45552,2.45249,2.45483,1561
2015.02.20,11:00,2.45479,2.45678,2.45188,2.45382,1693
2015.02.20,12:00,2.45383,2.46049,2.45299,2.45885,2569
2015.02.20,13:00,2.45881,2.46684,2.45781,2.46188,3132
2015.02.20,14:00,2.46190,2.46501,2.46083,2.46372,2014
2015.02.20,15:00,2.46374,2.46454,2.45458,2.45530,2776
2015.02.20,16:00,2.45529,2.45871,2.45322,2.45369,1593
2015.02.20,17:00,2.45370,2.45616,2.44878,2.44954,1377
2015.02.20,18:00,2.44960,2.45493,2.44652,2.45270,570
2015.02.20,19:00,2.44950,2.45302,2.44929,2.45134,1015
2015.02.20,20:00,2.45134,2.45285,2.45032,2.45095,249
2015.02.20,21:00,2.45150,2.45411,2.44932,2.44932,129
2015.02.22,22:00,2.45175,2.45879,2.44392,2.45729,53
2015.02.22,23:00,2.45346,2.45840,2.45095,2.45590,399
2015.02.23,00:00,2.45592,2.46450,2.45095,2.46363,463
2015.02.23,01:00,2.46354,2.46400,2.45206,2.45751,464
2015.02.23,02:00,2.45751,2.45767,2.45692,2.45742,91
2015.02.23,03:00,2.45743,2.45774,2.45741,2.45741,76
2015.02.23,04:00,2.45743,2.45809,2.45732,2.45804,60
2015.02.23,05:00,2.45808,2.46092,2.45773,2.45779,222
2015.02.23,06:00,2.45778,2.46016,2.45560,2.45884,902
2015.02.23,07:00,2.45916,2.47440,2.45462,2.47185,2481
2015.02.23,08:00,2.47176,2.48010,2.47146,2.47790,2264
2015.02.23,09:00,2.47795,2.48318,2.47755,2.47894,2544
2015.02.23,10:00,2.47900,2.48405,2.47801,2.48121,1750
2015.02.23,11:00,2.48124,2.48467,2.47550,2.47719,1654
2015.02.23,12:00,2.47719,2.48243,2.47630,2.48114,1646
2015.02.23,13:00,2.48114,2.48160,2.47524,2.47749,1881
2015.02.23,14:00,2.47742,2.47910,2.47496,2.47496,1869
2015.02.23,15:00,2.47499,2.47590,2.47171,2.47255,2215
2015.02.23,16:00,2.47252,2.47586,2.47123,2.47523,1216
2015.02.23,17:00,2.47526,2.47749,2.47403,2.47731,413
2015.02.23,18:00,2.47729,2.47729,2.47155,2.47497,715
2015.02.23,19:00,2.47478,2.47576,2.47364,2.47406,700
2015.02.23,20:00,2.47419,2.47524,2.47194,2.47220,1379
2015.02.23,21:00,2.47220,2.47473,2.47220,2.47405,288
2015.02.23,22:00,2.47407,2.47514,2.47128,2.47345,141
2015.02.23,23:00,2.47350,2.47391,2.47220,2.47307,205
2015.02.24,00:00,2.47308,2.47315,2.47197,2.47285,186
2015.02.24,01:00,2.47293,2.47308,2.47200,2.47228,114
2015.02.24,02:00,2.47224,2.47507,2.47208,2.47328,250
2015.02.24,03:00,2.47331,2.47374,2.47321,2.47339,196
2015.02.24,04:00,2.47339,2.47355,2.47337,2.47337,100
2015.02.24,05:00,2.47338,2.47627,2.47326,2.47627,271
2015.02.24,06:00,2.47628,2.47713,2.47396,2.47585,677
2015.02.24,07:00,2.47589,2.47865,2.47443,2.47776,1310
2015.02.24,08:00,2.47778,2.48229,2.47712,2.47915,2079
2015.02.24,09:00,2.47912,2.48172,2.47864,2.47898,1950
2015.02.24,10:00,2.47900,2.47928,2.47574,2.47904,1938
2015.02.24,11:00,2.47903,2.47946,2.47500,2.47560,1646
2015.02.24,12:00,2.47614,2.48642,2.46010,2.47503,3506
2015.02.24,13:00,2.47504,2.47835,2.47337,2.47513,2455
2015.02.24,14:00,2.47512,2.48142,2.47491,2.47740,2366
2015.02.24,15:00,2.47736,2.48750,2.46657,2.46872,5510
2015.02.24,16:00,2.46874,2.47848,2.46600,2.47657,2353
2015.02.24,17:00,2.47640,2.47786,2.47154,2.47369,1775
2015.02.24,18:00,2.47364,2.47375,2.46800,2.46887,1325
2015.02.24,19:00,2.46886,2.46889,2.46534,2.46544,1082
2015.02.24,20:00,2.46544,2.46584,2.46244,2.46298,442
2015.02.24,21:00,2.46295,2.46391,2.46225,2.46244,673
2015.02.24,22:00,2.46238,2.46344,2.46238,2.46303,59
2015.02.24,23:00,2.46317,2.46419,2.46258,2.46290,1713
2015.02.25,00:00,2.46277,2.46561,2.46259,2.46311,318
2015.02.25,01:00,2.46310,2.46352,2.46060,2.46065,278
2015.02.25,02:00,2.46054,2.46075,2.46036,2.46057,477
2015.02.25,03:00,2.46057,2.46411,2.46040,2.46132,318
2015.02.25,04:00,2.46133,2.46145,2.46125,2.46131,118
2015.02.25,05:00,2.46133,2.46326,2.46028,2.46249,443
2015.02.25,06:00,2.46239,2.46482,2.46035,2.46340,788
2015.02.25,07:00,2.46308,2.46461,2.45293,2.45701,1888
2015.02.25,08:00,2.45707,2.45876,2.45437,2.45688,2461
2015.02.25,09:00,2.45695,2.46182,2.45619,2.46124,2428
2015.02.25,10:00,2.46122,2.46664,2.45992,2.46497,2278
2015.02.25,11:00,2.46500,2.46591,2.46051,2.46358,2310
2015.02.25,12:00,2.46355,2.46562,2.46057,2.46531,2246
2015.02.25,13:00,2.46549,2.47298,2.46422,2.47171,2791
2015.02.25,14:00,2.47178,2.48575,2.47178,2.48385,3545
2015.02.25,15:00,2.48385,2.49087,2.48313,2.48565,2922
2015.02.25,16:00,2.48562,2.48616,2.48001,2.48329,2144
2015.02.25,17:00,2.48330,2.48567,2.48249,2.48456,672
2015.02.25,18:00,2.48450,2.48667,2.48282,2.48659,522
2015.02.25,19:00,2.48665,2.48954,2.48611,2.48685,396
2015.02.25,20:00,2.48654,2.48855,2.48498,2.48787,482
2015.02.25,21:00,2.48790,2.48809,2.48742,2.48779,106
2015.02.25,22:00,2.48749,2.48800,2.48620,2.48650,130
2015.02.25,23:00,2.48648,2.48774,2.48469,2.48758,507
2015.02.26,00:00,2.48738,2.49023,2.48539,2.48672,607
2015.02.26,01:00,2.48674,2.48786,2.48586,2.48638,200
2015.02.26,02:00,2.48636,2.48639,2.48578,2.48606,54
2015.02.26,03:00,2.48576,2.48660,2.48512,2.48554,113
2015.02.26,04:00,2.48551,2.48782,2.48551,2.48688,129
2015.02.26,05:00,2.48670,2.48909,2.48637,2.48698,401
2015.02.26,06:00,2.48694,2.48700,2.48249,2.48438,904
2015.02.26,07:00,2.48439,2.49325,2.48337,2.48675,2301
2015.02.26,08:00,2.48695,2.48768,2.48027,2.48121,2102
2015.02.26,09:00,2.48123,2.48135,2.47693,2.47731,2162
2015.02.26,10:00,2.47745,2.47828,2.47337,2.47786,2079
2015.02.26,11:00,2.47790,2.48378,2.47614,2.47736,2718
2015.02.26,12:00,2.47739,2.48181,2.47447,2.47720,2355
2015.02.26,13:00,2.47724,2.48869,2.47610,2.48799,3185
2015.02.26,14:00,2.48800,2.49863,2.48589,2.49840,3691
2015.02.26,15:00,2.49837,2.49967,2.49260,2.49601,2737
2015.02.26,16:00,2.49603,2.49654,2.49098,2.49401,1450
2015.02.26,17:00,2.49401,2.49839,2.49303,2.49730,885
2015.02.26,18:00,2.49727,2.50118,2.49614,2.50067,541
2015.02.26,19:00,2.50063,2.50438,2.49945,2.50432,450
2015.02.26,20:00,2.50434,2.50517,2.50381,2.50500,583
2015.02.26,21:00,2.50498,2.50704,2.49933,2.50266,341
2015.02.26,22:00,2.50289,2.50798,2.49950,2.50507,94
2015.02.26,23:00,2.50506,2.50824,2.50359,2.50518,612
2015.02.27,00:00,2.50525,2.50535,2.50396,2.50432,969
2015.02.27,01:00,2.50438,2.50726,2.50429,2.50703,1054
2015.02.27,02:00,2.50672,2.50710,2.50582,2.50612,861
2015.02.27,03:00,2.50612,2.50630,2.50516,2.50568,1243
2015.02.27,04:00,2.50572,2.50613,2.50532,2.50575,1206
2015.02.27,05:00,2.50575,2.50596,2.50393,2.50415,635
2015.02.27,06:00,2.50378,2.50499,2.50129,2.50309,827
2015.02.27,07:00,2.50305,2.50308,2.49525,2.49551,1550
2015.02.27,08:00,2.49551,2.50081,2.49542,2.50008,2081
2015.02.27,09:00,2.50005,2.51489,2.49955,2.51191,2689
2015.02.27,10:00,2.51198,2.52299,2.51131,2.52183,2756
2015.02.27,11:00,2.52200,2.52448,2.51399,2.51775,2620
2015.02.27,12:00,2.51774,2.52695,2.51215,2.51417,2945
2015.02.27,13:00,2.51413,2.52031,2.50655,2.51330,2714
2015.02.27,14:00,2.51327,2.52025,2.51176,2.51610,2518
2015.02.27,15:00,2.51608,2.51971,2.51063,2.51589,2903
2015.02.27,16:00,2.51586,2.51690,2.50627,2.51278,2218
2015.02.27,17:00,2.51279,2.51308,2.50609,2.50779,907
2015.02.27,18:00,2.50784,2.51072,2.50515,2.50615,1425
2015.02.27,19:00,2.50618,2.50817,2.50464,2.50728,512
2015.02.27,20:00,2.50728,2.50997,2.50718,2.50775,332
2015.02.27,21:00,2.50775,2.50809,2.50538,2.50683,301
2015.03.01,22:00,2.50523,2.50555,2.50377,2.50541,128
2015.03.01,23:00,2.50578,2.50653,2.50512,2.50643,126
2015.03.02,00:00,2.50639,2.50744,2.50619,2.50695,108
2015.03.02,01:00,2.50694,2.50880,2.50600,2.50802,306
2015.03.02,02:00,2.50832,2.51179,2.50806,2.51179,379
2015.03.02,03:00,2.51180,2.51191,2.50619,2.50682,1151
2015.03.02,04:00,2.50666,2.50927,2.50666,2.50860,601
2015.03.02,05:00,2.50858,2.51101,2.50858,2.50974,226
2015.03.02,06:00,2.50979,2.51405,2.50975,2.51227,578
2015.03.02,07:00,2.51226,2.51923,2.51026,2.51559,1290
2015.03.02,08:00,2.51559,2.52162,2.51342,2.51900,2052
2015.03.02,09:00,2.51898,2.51983,2.51124,2.51160,2465
2015.03.02,10:00,2.51163,2.51266,2.50847,2.50886,1899
2015.03.02,11:00,2.50880,2.51329,2.50647,2.51128,1797
2015.03.02,12:00,2.51126,2.51275,2.50611,2.51216,2069
2015.03.02,13:00,2.51226,2.51475,2.50498,2.50914,2636
2015.03.02,14:00,2.50912,2.51287,2.50659,2.51236,1600
2015.03.02,15:00,2.51235,2.52128,2.50828,2.51609,2148
2015.03.02,16:00,2.51611,2.52227,2.51581,2.51808,1250
2015.03.02,17:00,2.51808,2.52111,2.51808,2.52035,411
2015.03.02,18:00,2.52055,2.52094,2.51380,2.51578,490
2015.03.02,19:00,2.51575,2.51994,2.51416,2.51435,323
2015.03.02,20:00,2.51484,2.51973,2.51468,2.51814,503
2015.03.02,21:00,2.51812,2.51840,2.51409,2.51570,253
2015.03.02,22:00,2.51565,2.51746,2.51286,2.51714,128
2015.03.02,23:00,2.51720,2.52141,2.51600,2.52115,115
2015.03.03,00:00,2.52120,2.52132,2.52030,2.52032,73
2015.03.03,01:00,2.52041,2.52263,2.52031,2.52051,96
2015.03.03,02:00,2.52051,2.52053,2.51770,2.51918,230
2015.03.03,03:00,2.51871,2.51925,2.51563,2.51707,429
2015.03.03,04:00,2.51729,2.51760,2.51540,2.51628,777
2015.03.03,05:00,2.51623,2.51715,2.51341,2.51392,1035
2015.03.03,06:00,2.51374,2.51800,2.51374,2.51641,1456
2015.03.03,07:00,2.51661,2.51718,2.50951,2.50956,1672
2015.03.03,08:00,2.50966,2.51714,2.50786,2.51640,2444
2015.03.03,09:00,2.51638,2.51647,2.51156,2.51466,1671
2015.03.03,10:00,2.51465,2.52501,2.51454,2.52126,1946
2015.03.03,11:00,2.52123,2.53065,2.52045,2.52742,2422
2015.03.03,12:00,2.52740,2.53246,2.52540,2.53128,2546
2015.03.03,13:00,2.53137,2.53770,2.53088,2.53648,2769
2015.03.03,14:00,2.53651,2.53656,2.52519,2.52918,3207
2015.03.03,15:00,2.52917,2.53810,2.52631,2.53348,2373
2015.03.03,16:00,2.53328,2.53904,2.52994,2.53416,2160
2015.03.03,17:00,2.53414,2.53564,2.52929,2.52929,1231
2015.03.03,18:00,2.52930,2.53065,2.52782,2.52879,1074
2015.03.03,19:00,2.52896,2.53194,2.52845,2.53194,592
2015.03.03,20:00,2.53194,2.53397,2.53091,2.53329,366
2015.03.03,21:00,2.53327,2.53657,2.53327,2.53489,614
2015.03.03,22:00,2.53450,2.53533,2.52724,2.53360,224
2015.03.03,23:00,2.53214,2.53462,2.53022,2.53399,363
2015.03.04,00:00,2.53335,2.53473,2.53321,2.53387,111
2015.03.04,01:00,2.53317,2.53773,2.53217,2.53617,538
2015.03.04,02:00,2.53618,2.53677,2.53375,2.53531,496
2015.03.04,03:00,2.53674,2.53701,2.53531,2.53537,222
2015.03.04,04:00,2.53579,2.53641,2.53536,2.53581,168
2015.03.04,05:00,2.53577,2.53767,2.53577,2.53583,244
2015.03.04,06:00,2.53581,2.53861,2.53470,2.53746,753
2015.03.04,07:00,2.53747,2.53899,2.53413,2.53626,1405
2015.03.04,08:00,2.53625,2.54924,2.53610,2.54308,2952
2015.03.04,09:00,2.54309,2.54779,2.54152,2.54404,2318
2015.03.04,10:00,2.54385,2.54653,2.54299,2.54485,1528
2015.03.04,11:00,2.54486,2.54621,2.53997,2.54294,1577
2015.03.04,12:00,2.54295,2.54519,2.53887,2.54332,2087
2015.03.04,13:00,2.54330,2.54431,2.53873,2.54125,2585
2015.03.04,14:00,2.54124,2.55835,2.54124,2.55279,3444
2015.03.04,15:00,2.55281,2.57054,2.55259,2.56429,3347
2015.03.04,16:00,2.56419,2.56757,2.56182,2.56439,1653
2015.03.04,17:00,2.56465,2.56662,2.56296,2.56551,758
2015.03.04,18:00,2.56563,2.56771,2.56150,2.56244,942
2015.03.04,19:00,2.56244,2.56348,2.55879,2.56222,504
2015.03.04,20:00,2.56221,2.56387,2.56065,2.56292,492
2015.03.04,21:00,2.56293,2.56743,2.56070,2.56156,418
2015.03.04,22:00,2.55994,2.56369,2.55928,2.56257,254
2015.03.04,23:00,2.56263,2.56544,2.56028,2.56412,878
2015.03.05,00:00,2.56246,2.56493,2.55989,2.56250,580
2015.03.05,01:00,2.56107,2.56517,2.56010,2.56267,273
2015.03.05,02:00,2.56266,2.56842,2.56110,2.56140,582
2015.03.05,03:00,2.56157,2.56527,2.56124,2.56431,453
2015.03.05,04:00,2.56432,2.56796,2.56155,2.56623,724
2015.03.05,05:00,2.56644,2.56735,2.56465,2.56577,393
2015.03.05,06:00,2.56572,2.57250,2.56572,2.57023,1337
2015.03.05,07:00,2.56996,2.57672,2.56763,2.57015,2639
2015.03.05,08:00,2.56953,2.57531,2.56410,2.57355,2602
2015.03.05,09:00,2.57334,2.58909,2.57154,2.58754,2407
2015.03.05,10:00,2.58751,2.59352,2.58373,2.59057,1819
2015.03.05,11:00,2.59043,2.59955,2.58787,2.59284,2136
2015.03.05,12:00,2.59285,2.59720,2.58544,2.58579,2226
2015.03.05,13:00,2.58575,2.59287,2.58465,2.58944,3376
2015.03.05,14:00,2.58950,2.59451,2.58575,2.59009,3224
2015.03.05,15:00,2.59005,2.60910,2.58834,2.60517,4117
2015.03.05,16:00,2.60530,2.61254,2.60452,2.60994,2995
2015.03.05,17:00,2.60996,2.62780,2.60996,2.62066,2514
2015.03.05,18:00,2.62072,2.62205,2.60717,2.60848,2002
2015.03.05,19:00,2.60845,2.61167,2.60552,2.60990,717
2015.03.05,20:00,2.60995,2.61391,2.60527,2.60600,751
2015.03.05,21:00,2.60600,2.60868,2.60191,2.60500,646
2015.03.05,22:00,2.60623,2.61080,2.60179,2.60495,217
2015.03.05,23:00,2.60503,2.60693,2.60503,2.60667,241
2015.03.06,00:00,2.60670,2.60788,2.60485,2.60625,243
2015.03.06,01:00,2.60520,2.60711,2.60471,2.60526,833
2015.03.06,02:00,2.60526,2.60552,2.60469,2.60502,529
2015.03.06,03:00,2.60497,2.61047,2.60470,2.60827,242
2015.03.06,04:00,2.60709,2.60850,2.60459,2.60478,536
2015.03.06,05:00,2.60475,2.61192,2.60454,2.60843,1855
2015.03.06,06:00,2.60838,2.61705,2.60671,2.61208,1118
2015.03.06,07:00,2.61208,2.61483,2.60591,2.60611,3235
2015.03.06,08:00,2.60649,2.61531,2.60260,2.61505,3446
2015.03.06,09:00,2.61502,2.61505,2.60355,2.60536,3077
2015.03.06,10:00,2.60534,2.60942,2.60354,2.60784,1417
2015.03.06,11:00,2.60781,2.61097,2.58624,2.59111,4552
2015.03.06,12:00,2.59115,2.59451,2.57732,2.57851,3929
2015.03.06,13:00,2.57849,2.62344,2.57282,2.62313,5671
2015.03.06,14:00,2.62290,2.63689,2.61983,2.63332,5284
2015.03.06,15:00,2.63339,2.64699,2.63300,2.63939,3491
2015.03.06,16:00,2.63939,2.64215,2.63108,2.63432,1504
2015.03.06,17:00,2.63429,2.63923,2.63269,2.63665,968
2015.03.06,18:00,2.63685,2.63685,2.61643,2.61729,1059
2015.03.06,19:00,2.61729,2.62990,2.61255,2.62584,1041
2015.03.06,20:00,2.62589,2.62689,2.62206,2.62354,665
2015.03.06,21:00,2.62354,2.62491,2.61922,2.62379,295
2015.03.08,22:00,2.62532,2.62532,2.61233,2.61300,243
2015.03.08,23:00,2.62346,2.63091,2.61278,2.62453,488
2015.03.09,00:00,2.62453,2.62481,2.62396,2.62475,586
2015.03.09,01:00,2.62475,2.62765,2.62392,2.62397,239
2015.03.09,02:00,2.62698,2.62968,2.62386,2.62858,721
2015.03.09,03:00,2.62859,2.62869,2.62396,2.62621,471
2015.03.09,04:00,2.62625,2.62644,2.62575,2.62644,161
2015.03.09,05:00,2.62647,2.63209,2.62555,2.62886,526
2015.03.09,06:00,2.62884,2.63259,2.62416,2.62601,835
2015.03.09,07:00,2.62618,2.62646,2.61057,2.61837,2576
2015.03.09,08:00,2.61836,2.62464,2.59903,2.60757,4220
2015.03.09,09:00,2.60792,2.60860,2.58952,2.59126,3435
2015.03.09,10:00,2.59128,2.60191,2.59079,2.60046,3267
2015.03.09,11:00,2.60018,2.60764,2.59904,2.60738,2620
2015.03.09,12:00,2.60741,2.61575,2.60684,2.61238,3642
2015.03.09,13:00,2.61243,2.61243,2.59747,2.59757,3238
2015.03.09,14:00,2.59755,2.60352,2.59501,2.60012,2859
2015.03.09,15:00,2.60013,2.60415,2.59694,2.60308,1908
2015.03.09,16:00,2.60311,2.60632,2.60233,2.60434,1397
2015.03.09,17:00,2.60441,2.60574,2.60087,2.60215,1281
2015.03.09,18:00,2.60227,2.60633,2.60165,2.60193,1112
2015.03.09,19:00,2.60184,2.60363,2.60043,2.60246,497
2015.03.09,20:00,2.60245,2.60250,2.59899,2.60015,574
2015.03.09,21:00,2.60006,2.60029,2.59920,2.59945,134
2015.03.09,22:00,2.60015,2.60172,2.59945,2.60083,1035
2015.03.09,23:00,2.60080,2.60426,2.60036,2.60349,566
2015.03.10,00:00,2.60311,2.60567,2.60274,2.60555,207
2015.03.10,01:00,2.60552,2.60698,2.60551,2.60676,166
2015.03.10,02:00,2.60688,2.60949,2.60682,2.60935,724
2015.03.10,03:00,2.60930,2.61612,2.60899,2.61532,877
2015.03.10,04:00,2.61540,2.61684,2.61390,2.61595,363
2015.03.10,05:00,2.61598,2.61613,2.61049,2.61301,505
2015.03.10,06:00,2.61316,2.61664,2.60824,2.61089,1806
2015.03.10,07:00,2.61098,2.61470,2.60072,2.60961,2541
2015.03.10,08:00,2.60962,2.62324,2.60591,2.61810,3697
2015.03.10,09:00,2.61812,2.62983,2.61637,2.62950,3999
2015.03.10,10:00,2.62951,2.63708,2.62772,2.63473,4456
2015.03.10,11:00,2.63476,2.64620,2.62999,2.64456,3881
2015.03.10,12:00,2.64462,2.64546,2.63030,2.64009,4372
2015.03.10,13:00,2.64027,2.64354,2.62377,2.63024,4073
2015.03.10,14:00,2.63021,2.63110,2.62212,2.62221,4562
2015.03.10,15:00,2.62231,2.63902,2.62224,2.63762,4213
2015.03.10,16:00,2.63749,2.63818,2.63143,2.63475,2440
2015.03.10,17:00,2.63475,2.63699,2.63092,2.63206,1165
2015.03.10,18:00,2.63206,2.63584,2.63165,2.63557,896
2015.03.10,19:00,2.63535,2.63790,2.63473,2.63737,878
2015.03.10,20:00,2.63737,2.63819,2.63564,2.63814,431
2015.03.10,21:00,2.63784,2.63952,2.63583,2.63635,311
2015.03.10,22:00,2.63688,2.63700,2.63590,2.63621,255
2015.03.10,23:00,2.63651,2.63676,2.63571,2.63585,652
2015.03.11,00:00,2.63579,2.63802,2.63557,2.63702,471
2015.03.11,01:00,2.63725,2.63875,2.63584,2.63605,458
2015.03.11,02:00,2.63587,2.63823,2.63587,2.63732,272
2015.03.11,03:00,2.63717,2.64047,2.63672,2.64021,408
2015.03.11,04:00,2.64019,2.64197,2.63666,2.63847,472
2015.03.11,05:00,2.63847,2.64099,2.63718,2.64025,864
2015.03.11,06:00,2.64026,2.64400,2.63858,2.63873,901
2015.03.11,07:00,2.63878,2.64061,2.62193,2.62477,2667
2015.03.11,08:00,2.62482,2.62747,2.60315,2.61363,5281
2015.03.11,09:00,2.61366,2.62347,2.60973,2.62258,4486
2015.03.11,10:00,2.62260,2.63438,2.62113,2.62624,3967
2015.03.11,11:00,2.62624,2.62730,2.61715,2.62378,4132
2015.03.11,12:00,2.62381,2.62415,2.61032,2.61454,3774
2015.03.11,13:00,2.61451,2.62304,2.61155,2.62151,4119
2015.03.11,14:00,2.62143,2.62595,2.61635,2.61884,4385
2015.03.11,15:00,2.61892,2.62107,2.60570,2.60754,4210
2015.03.11,16:00,2.60757,2.61379,2.60626,2.60996,2830
2015.03.11,17:00,2.60998,2.61710,2.60708,2.61182,1920
2015.03.11,18:00,2.61376,2.61416,2.60859,2.61190,1174
2015.03.11,19:00,2.61190,2.61341,2.60867,2.61075,647
2015.03.11,20:00,2.61089,2.61345,2.60709,2.60923,528
2015.03.11,21:00,2.60984,2.61188,2.60386,2.60527,150
2015.03.11,22:00,2.60670,2.61008,2.60499,2.60959,490
2015.03.11,23:00,2.60959,2.61227,2.60959,2.61149,414
2015.03.12,00:00,2.61162,2.61320,2.61049,2.61280,514
2015.03.12,01:00,2.61270,2.61315,2.61185,2.61239,471
2015.03.12,02:00,2.61234,2.61333,2.61139,2.61224,1059
2015.03.12,03:00,2.61198,2.61421,2.61120,2.61247,495
2015.03.12,04:00,2.61232,2.61254,2.60794,2.60932,214
2015.03.12,05:00,2.60934,2.61526,2.60738,2.60937,653
2015.03.12,06:00,2.60936,2.61066,2.58993,2.59567,1782
2015.03.12,07:00,2.59570,2.59777,2.58582,2.58582,3378
2015.03.12,08:00,2.58575,2.59525,2.58444,2.59455,3505
2015.03.12,09:00,2.59454,2.59768,2.58885,2.58890,3119
2015.03.12,10:00,2.58850,2.59225,2.58603,2.58887,2181
2015.03.12,11:00,2.58894,2.59635,2.58800,2.59392,2698
2015.03.12,12:00,2.59427,2.59732,2.58642,2.59213,3771
2015.03.12,13:00,2.59210,2.59733,2.58913,2.59700,3431
2015.03.12,14:00,2.59703,2.60242,2.59035,2.59291,3519
2015.03.12,15:00,2.59289,2.59298,2.58539,2.59126,2976
2015.03.12,16:00,2.59129,2.60225,2.58914,2.59609,1757
2015.03.12,17:00,2.59610,2.60194,2.58832,2.58847,1226
2015.03.12,18:00,2.58836,2.58852,2.58532,2.58650,640
2015.03.12,19:00,2.58645,2.58748,2.58614,2.58714,597
2015.03.12,20:00,2.58709,2.58716,2.58314,2.58314,459
2015.03.12,21:00,2.58297,2.58442,2.58290,2.58291,142
2015.03.12,22:00,2.58262,2.58825,2.58254,2.58579,382
2015.03.12,23:00,2.58582,2.58731,2.58410,2.58701,318
2015.03.13,00:00,2.58698,2.58699,2.58602,2.58683,154
2015.03.13,01:00,2.58687,2.58718,2.58645,2.58654,165
2015.03.13,02:00,2.58645,2.58862,2.58628,2.58812,314
2015.03.13,03:00,2.58811,2.58979,2.58794,2.58971,286
2015.03.13,04:00,2.58967,2.59543,2.58910,2.59438,270
2015.03.13,05:00,2.59403,2.59518,2.58794,2.59284,622
2015.03.13,06:00,2.59306,2.59575,2.59147,2.59400,745
2015.03.13,07:00,2.59364,2.59837,2.59037,2.59048,2170
2015.03.13,08:00,2.59040,2.59385,2.58990,2.59254,1820
2015.03.13,09:00,2.59253,2.60560,2.59124,2.60379,2665
2015.03.13,10:00,2.60369,2.63168,2.60156,2.63033,3630
2015.03.13,11:00,2.63025,2.64409,2.62543,2.64099,3996
2015.03.13,12:00,2.64109,2.64119,2.62685,2.63654,3710
2015.03.13,13:00,2.63676,2.64825,2.63335,2.64338,3105
2015.03.13,14:00,2.64334,2.64671,2.62835,2.63072,2880
2015.03.13,15:00,2.63040,2.64249,2.62810,2.63285,2599
2015.03.13,16:00,2.63289,2.63552,2.62335,2.62549,1353
2015.03.13,17:00,2.62524,2.63454,2.62399,2.63221,916
2015.03.13,18:00,2.63221,2.64034,2.63142,2.63813,509
2015.03.13,19:00,2.63795,2.63925,2.63333,2.63779,466
2015.03.13,20:00,2.63776,2.64014,2.63413,2.63413,340
2015.03.15,22:00,2.63775,2.64146,2.62446,2.63014,125
2015.03.15,23:00,2.63000,2.63798,2.61878,2.63548,53
2015.03.16,00:00,2.63520,2.63599,2.62945,2.63086,810
2015.03.16,01:00,2.63086,2.63449,2.62013,2.62372,808
2015.03.16,02:00,2.62372,2.62535,2.62355,2.62508,511
2015.03.16,03:00,2.62507,2.62739,2.62399,2.62683,436
2015.03.16,04:00,2.62683,2.62766,2.62525,2.62734,471
2015.03.16,05:00,2.62734,2.62838,2.62525,2.62786,1314
2015.03.16,06:00,2.62827,2.62943,2.62018,2.62055,1283
2015.03.16,07:00,2.62054,2.62189,2.60826,2.61849,2369
2015.03.16,08:00,2.61850,2.62430,2.61662,2.62118,3426
2015.03.16,09:00,2.62121,2.62238,2.61879,2.62115,2784
2015.03.16,10:00,2.62118,2.62426,2.61684,2.62243,2080
2015.03.16,11:00,2.62242,2.62881,2.62169,2.62874,1932
2015.03.16,12:00,2.62872,2.62876,2.62180,2.62366,2573
2015.03.16,13:00,2.62362,2.62469,2.61362,2.62030,4087
2015.03.16,14:00,2.62031,2.63180,2.61860,2.63147,3607
2015.03.16,15:00,2.63146,2.63399,2.62715,2.62874,3489
2015.03.16,16:00,2.62893,2.63025,2.61666,2.61669,2621
2015.03.16,17:00,2.61688,2.62477,2.61399,2.62425,2857
2015.03.16,18:00,2.62429,2.62896,2.62414,2.62554,1381
2015.03.16,19:00,2.62554,2.62806,2.62522,2.62560,1027
2015.03.16,20:00,2.62559,2.62657,2.62400,2.62550,446
2015.03.16,21:00,2.62497,2.62522,2.62249,2.62351,85
2015.03.16,22:00,2.62511,2.62650,2.62465,2.62468,280
2015.03.16,23:00,2.62469,2.62504,2.62294,2.62304,222
2015.03.17,00:00,2.62331,2.62861,2.62331,2.62679,379
2015.03.17,01:00,2.62676,2.62873,2.62565,2.62752,343
2015.03.17,02:00,2.62741,2.62824,2.62641,2.62710,353
2015.03.17,03:00,2.62716,2.62856,2.62521,2.62832,517
2015.03.17,04:00,2.62829,2.62833,2.62540,2.62733,185
2015.03.17,05:00,2.62740,2.63187,2.62383,2.63172,465
2015.03.17,06:00,2.63174,2.63194,2.62776,2.62981,1146
2015.03.17,07:00,2.62986,2.63076,2.61832,2.61905,2767
2015.03.17,08:00,2.61902,2.62178,2.61463,2.62052,2806
2015.03.17,09:00,2.62064,2.62207,2.61671,2.61705,2030
2015.03.17,10:00,2.61707,2.61790,2.61144,2.61383,2966
2015.03.17,11:00,2.61380,2.62007,2.61341,2.61851,3029
2015.03.17,12:00,2.61856,2.61876,2.60638,2.61125,4425
2015.03.17,13:00,2.61127,2.61317,2.60934,2.60978,3166
2015.03.17,14:00,2.60974,2.61150,2.60783,2.60985,2745
2015.03.17,15:00,2.60993,2.61336,2.60886,2.61045,2509
2015.03.17,16:00,2.61038,2.61482,2.61014,2.61157,1954
2015.03.17,17:00,2.61169,2.61691,2.61054,2.61554,2713
2015.03.17,18:00,2.61546,2.61775,2.61070,2.61249,875
2015.03.17,19:00,2.61247,2.61613,2.61078,2.61281,502
2015.03.17,20:00,2.61263,2.61359,2.61021,2.61106,451
2015.03.17,21:00,2.61110,2.61235,2.61030,2.61180,229
2015.03.17,22:00,2.61065,2.61417,2.61065,2.61287,522
2015.03.17,23:00,2.61283,2.61347,2.61178,2.61275,369
2015.03.18,00:00,2.61245,2.61310,2.61129,2.61180,300
2015.03.18,01:00,2.61181,2.61189,2.61068,2.61110,294
2015.03.18,02:00,2.61112,2.61149,2.61090,2.61095,286
2015.03.18,03:00,2.61097,2.61097,2.61001,2.61018,103
2015.03.18,04:00,2.61022,2.61055,2.60996,2.61054,100
2015.03.18,05:00,2.61052,2.61613,2.60884,2.61318,447
2015.03.18,06:00,2.61302,2.61678,2.61239,2.61434,751
2015.03.18,07:00,2.61399,2.61690,2.60961,2.61229,2077
2015.03.18,08:00,2.61230,2.61843,2.61135,2.61590,2499
2015.03.18,09:00,2.61592,2.62035,2.61588,2.62019,2007
2015.03.18,10:00,2.62021,2.62228,2.61656,2.61855,2837
2015.03.18,11:00,2.61850,2.62569,2.61850,2.62257,2206
2015.03.18,12:00,2.62255,2.62529,2.62196,2.62401,2013
2015.03.18,13:00,2.62399,2.62430,2.61529,2.61543,2657
2015.03.18,14:00,2.61546,2.61940,2.61454,2.61724,2547
2015.03.18,15:00,2.61725,2.62390,2.61635,2.61807,2404
2015.03.18,16:00,2.61805,2.61949,2.61459,2.61668,2206
2015.03.18,17:00,2.61679,2.61748,2.61148,2.61475,1427
2015.03.18,18:00,2.61537,2.61642,2.57729,2.58609,3461
2015.03.18,19:00,2.58609,2.58679,2.57091,2.57104,2139
2015.03.18,20:00,2.57112,2.57157,2.56295,2.56854,945
2015.03.18,21:00,2.56826,2.57209,2.56801,2.57190,155
2015.03.18,22:00,2.57172,2.57290,2.56997,2.57158,725
2015.03.18,23:00,2.57135,2.57373,2.56963,2.56985,437
2015.03.19,00:00,2.56979,2.57036,2.56238,2.56311,1178
2015.03.19,01:00,2.56313,2.56643,2.56074,2.56349,1622
2015.03.19,02:00,2.56350,2.56615,2.56255,2.56591,587
2015.03.19,03:00,2.56587,2.57073,2.56533,2.57059,524
2015.03.19,04:00,2.57058,2.58339,2.57008,2.58239,682
2015.03.19,05:00,2.58239,2.58431,2.57913,2.58076,943
2015.03.19,06:00,2.58076,2.58191,2.57069,2.57782,1108
2015.03.19,07:00,2.57773,2.59660,2.57026,2.58910,3890
2015.03.19,08:00,2.58917,2.60103,2.58910,2.59615,3771
2015.03.19,09:00,2.59608,2.59763,2.58528,2.58927,3742
2015.03.19,10:00,2.58938,2.59704,2.58754,2.59145,2556
2015.03.19,11:00,2.59143,2.59525,2.58911,2.59478,2698
2015.03.19,12:00,2.59480,2.61022,2.59267,2.60445,3767
2015.03.19,13:00,2.60447,2.60466,2.59633,2.59843,3154
2015.03.19,14:00,2.59876,2.60032,2.58781,2.59629,3602
2015.03.19,15:00,2.59643,2.60796,2.59580,2.60515,3243
2015.03.19,16:00,2.60509,2.61456,2.60377,2.61308,2456
2015.03.19,17:00,2.61341,2.61576,2.60695,2.60827,1130
2015.03.19,18:00,2.60834,2.61096,2.60709,2.60729,566
2015.03.19,19:00,2.60729,2.60936,2.60727,2.60740,333
2015.03.19,20:00,2.60739,2.60837,2.60176,2.60252,523
2015.03.19,21:00,2.60239,2.60253,2.60068,2.60189,152
2015.03.19,22:00,2.60193,2.60287,2.60165,2.60242,216
2015.03.19,23:00,2.60240,2.60380,2.60237,2.60292,192
2015.03.20,00:00,2.60290,2.60364,2.60266,2.60297,299
2015.03.20,01:00,2.60297,2.60330,2.60215,2.60239,343
2015.03.20,02:00,2.60239,2.60343,2.60226,2.60246,191
2015.03.20,03:00,2.60247,2.60266,2.60160,2.60193,181
2015.03.20,04:00,2.60194,2.60292,2.60180,2.60216,417
2015.03.20,05:00,2.60192,2.60315,2.60140,2.60225,330
2015.03.20,06:00,2.60237,2.60279,2.59838,2.59889,1257
2015.03.20,07:00,2.59894,2.59894,2.58993,2.59589,3168
2015.03.20,08:00,2.59591,2.59892,2.59454,2.59816,2054
